{"_runtime":1610.8597336,"_step":4,"_wandb":{"runtime":1614},"loss":2.6310728192329407,"cer":1,"epoch":5,"examples":{"path":"media/table/examples_4_64ae40fd110e77c6f2f9.table.json","ncols":2,"nrows":3,"_type":"table-file","sha256":"64ae40fd110e77c6f2f98b1d7181b5c19685f993be9bc7d83ee7692744a8e05d","size":1601,"artifact_path":"wandb-client-artifact://upd9zyz24s9o8osfo4xgb435c5mmhbzu3cl1o10ft4mt6e4l1ic131rcbdht7fs86lyq50aowy6yp3k2cewcg7o41mbsxsbv0ebt76y2wetfmu36lfh5ofgjs9h2ah5l/examples.table.json","_latest_artifact_path":"wandb-client-artifact://ykqdhfq40sw1ndu9i3j3hsy63zdl1634xnv1vykc643sq2qriz0l444cqx1lxvdoi5d1pvdqaodi8cj8cxm90anqf2uep6nhnpo098w7gslqj7rrmx8cwyf08g8cchjn:latest/examples.table.json"},"_timestamp":1.74807011654962e+09}